{
	"Year": 1947,
	"Glob": 1.6296296296296295,
	"NHem": 3.4015151515151514,
	"SHem": -0.07407407407407407,
	"24N-90N": 5.455223880597015,
	"24S-24N": 1.9402985074626866,
	"90S-24S": -2.7037037037037037,
	"64N-90N": 9.022222222222222,
	"44N-64N": 9.371212121212121,
	"24N-44N": 0.7111111111111111,
	"EQU-24N": 0.08208955223880597,
	"24S-EQU": 3.7761194029850746,
	"44S-24S": 0.7925925925925926,
	"64S-44S": -7.884615384615385,
	"90S-64S": -5.118518518518519
}