{
	"NHem": {
		"x": [
			1880,
			1881,
			1882,
			1883,
			1884,
			1885,
			1886,
			1887,
			1888,
			1889,
			1890,
			1891,
			1892,
			1893,
			1894,
			1895,
			1896,
			1897,
			1898,
			1899,
			1900,
			1901,
			1902,
			1903,
			1904,
			1905,
			1906,
			1907,
			1908,
			1909,
			1910,
			1911,
			1912,
			1913,
			1914,
			1915,
			1916,
			1917,
			1918,
			1919,
			1920,
			1921,
			1922,
			1923,
			1924,
			1925,
			1926,
			1927,
			1928,
			1929,
			1930,
			1931,
			1932,
			1933,
			1934,
			1935,
			1936,
			1937,
			1938,
			1939,
			1940,
			1941,
			1942,
			1943,
			1944,
			1945,
			1946,
			1947,
			1948,
			1949,
			1950,
			1951,
			1952,
			1953,
			1954,
			1955,
			1956,
			1957,
			1958,
			1959,
			1960,
			1961,
			1962,
			1963,
			1964,
			1965,
			1966,
			1967,
			1968,
			1969,
			1970,
			1971,
			1972,
			1973,
			1974,
			1975,
			1976,
			1977,
			1978,
			1979,
			1980,
			1981,
			1982,
			1983,
			1984,
			1985,
			1986,
			1987,
			1988,
			1989,
			1990,
			1991,
			1992,
			1993,
			1994,
			1995,
			1996,
			1997,
			1998,
			1999,
			2000,
			2001,
			2002,
			2003,
			2004,
			2005,
			2006,
			2007,
			2008,
			2009,
			2010,
			2011,
			2012,
			2013,
			2014
		],
		"y": [
			-33,
			-18,
			-17,
			-30,
			-42,
			-41,
			-39,
			-37,
			-22,
			-16,
			-40,
			-23,
			-30,
			-39,
			-37,
			-28,
			-20,
			-13,
			-28,
			-17,
			-3,
			-8,
			-29,
			-35,
			-45,
			-28,
			-20,
			-46,
			-45,
			-48,
			-43,
			-41,
			-47,
			-42,
			-18,
			-9,
			-35,
			-52,
			-32,
			-32,
			-26,
			-8,
			-25,
			-18,
			-15,
			-7,
			4,
			-10,
			-7,
			-30,
			2,
			5,
			-3,
			-24,
			1,
			-8,
			-3,
			13,
			14,
			7,
			14,
			16,
			14,
			21,
			28,
			9,
			7,
			5,
			0,
			-2,
			-16,
			5,
			5,
			22,
			-4,
			-9,
			-25,
			4,
			16,
			11,
			8,
			8,
			14,
			15,
			-20,
			-13,
			0,
			3,
			-5,
			-2,
			-3,
			-15,
			-18,
			10,
			-19,
			-5,
			-21,
			12,
			2,
			8,
			16,
			39,
			6,
			26,
			5,
			0,
			14,
			27,
			37,
			29,
			51,
			41,
			12,
			20,
			36,
			58,
			28,
			53,
			73,
			52,
			51,
			64,
			71,
			72,
			67,
			84,
			80,
			83,
			66,
			71,
			88,
			71,
			77,
			76,
			91
		],
		"fitted": [
			-28.949864848691504,
			-28.8593188186278,
			-28.792985431766283,
			-28.75120982390581,
			-28.7344429208606,
			-28.742965507938607,
			-28.776422025908687,
			-28.833948718061947,
			-28.914203942753375,
			-29.015446017226168,
			-29.1357913872489,
			-29.27324097672681,
			-29.42550976271741,
			-29.590012591663253,
			-29.764026455304702,
			-29.94426183561518,
			-30.127143926511053,
			-30.308931205086992,
			-30.48633484299353,
			-30.6572819272551,
			-30.82134167967888,
			-30.98154357072781,
			-31.147449601638073,
			-31.339309515788045,
			-31.593585855793208,
			-31.967600827192655,
			-32.52368722007668,
			-33.079541225131834,
			-33.5442099920474,
			-33.87740868219407,
			-34.0420175070758,
			-34.01861533211195,
			-33.809458426374476,
			-33.42349266895326,
			-32.863530476693995,
			-32.12565554413595,
			-31.19837002363056,
			-30.073138727166224,
			-28.75628448012867,
			-27.25815616399632,
			-25.591615423560143,
			-23.776987706223736,
			-21.83845310941979,
			-19.799163329647854,
			-17.67954941028438,
			-15.499999533094524,
			-13.295382525240711,
			-11.10179414572849,
			-8.952547472872538,
			-6.871552625845652,
			-4.878244793464546,
			-2.9850290225003846,
			-1.2128271771362051,
			0.41767018591053784,
			1.890076338459039,
			3.1856753893080167,
			4.289720598317217,
			5.192275206383783,
			5.896239660010906,
			6.426951724104583,
			6.815564888966037,
			7.094379465124803,
			7.300833194254665,
			7.46576334774727,
			7.593015599442879,
			7.668544005195145,
			7.683058954105945,
			7.626098935841583,
			7.480505287327105,
			7.239155132061569,
			6.892358893237542,
			6.4380556449177675,
			5.8742729120422155,
			5.209918856075092,
			4.461354831233621,
			3.6373895704782626,
			2.7427937953452783,
			1.7990292778631556,
			0.8515764735057019,
			-0.03981916780321626,
			-0.8249808706605108,
			-1.479937073585461,
			-1.9993981559237,
			-2.398297481267946,
			-2.697715703310678,
			-2.9214384376537055,
			-3.083596162352478,
			-3.1784944555838592,
			-3.190920548484428,
			-3.1116179161472246,
			-2.9364706050255336,
			-2.6459928037947975,
			-2.223897467687493,
			-1.6680205450684298,
			-0.968705230683554,
			-0.11177439405582845,
			0.9109844389022328,
			2.099763499922119,
			3.4545128509344067,
			4.986665884818649,
			6.707064208952943,
			8.622436443751212,
			10.719763468281599,
			12.975673450040631,
			15.359408542513847,
			17.846117773646256,
			20.424178977991687,
			23.083557100544567,
			25.812778094841633,
			28.63932841460337,
			31.439131549828744,
			34.16123828558193,
			36.80649735440966,
			39.38773106266308,
			41.918498806458956,
			44.410411051017945,
			46.87239665479865,
			49.31079587750719,
			51.7306282783029,
			54.13530700911542,
			56.526752087753266,
			58.9060713085546,
			61.2738750603894,
			63.63012341344438,
			65.97396391292568,
			68.30447255758372,
			70.6201131328271,
			72.91905133003456,
			75.19911506772041,
			77.45788716206152,
			79.69311728663888,
			81.90257632431167,
			84.08393750424148,
			86.23504505839082,
			88.35445738048293
		],